{"cameraMode":{"drawMode":0,"name":"Shaded","section":"Shading Mode"},"sceneLighting":false,"audioPlay":false,"sceneViewState":{"m_AlwaysRefresh":false,"showFog":true,"showSkybox":false,"showFlares":true,"showImageEffects":true,"showParticleSystems":true,"showVisualEffectGraphs":true,"m_FxEnabled":true},"in2DMode":false,"pivot":{"x":1063.631591796875,"y":-129.71768188476563,"z":902.4600219726563},"rotation":{"x":-0.12864099442958833,"y":0.0020768526010215284,"z":-0.00025204115081578493,"w":-0.9916637539863586},"size":0.8660253882408142,"orthographic":false}