{"cameraMode":{"drawMode":0,"name":"Shaded","section":"Shading Mode"},"sceneLighting":false,"audioPlay":false,"sceneViewState":{"m_AlwaysRefresh":false,"showFog":true,"showSkybox":false,"showFlares":true,"showImageEffects":true,"showParticleSystems":true,"showVisualEffectGraphs":true,"m_FxEnabled":true},"in2DMode":false,"pivot":{"x":0.09504011273384094,"y":-0.11217933893203736,"z":-0.029201269149780275},"rotation":{"x":-0.12864099442958833,"y":0.0020768526010215284,"z":-0.00025204115081578493,"w":-0.9916637539863586},"size":0.9323969483375549,"orthographic":false}