{"cameraMode":{"drawMode":0,"name":"Shaded","section":"Shading Mode"},"sceneLighting":false,"audioPlay":false,"sceneViewState":{"m_AlwaysRefresh":false,"showFog":true,"showSkybox":false,"showFlares":true,"showImageEffects":true,"showParticleSystems":true,"showVisualEffectGraphs":true,"m_FxEnabled":true},"in2DMode":false,"pivot":{"x":5.650941371917725,"y":0.015209674835205078,"z":0.42910075187683108},"rotation":{"x":0.09875020384788513,"y":0.04093540832400322,"z":-0.003946164157241583,"w":0.9941601157188416},"size":2.871232748031616,"orthographic":false}