{"cameraMode":{"drawMode":0,"name":"Shaded","section":"Shading Mode"},"sceneLighting":false,"audioPlay":false,"sceneViewState":{"m_AlwaysRefresh":false,"showFog":true,"showSkybox":false,"showFlares":true,"showImageEffects":true,"showParticleSystems":true,"showVisualEffectGraphs":true,"m_FxEnabled":true},"in2DMode":false,"pivot":{"x":-0.8126484155654907,"y":-0.6597877740859985,"z":4.621870994567871},"rotation":{"x":0.062426406890153888,"y":-0.12773746252059937,"z":0.008119577541947365,"w":0.9897083044052124},"size":4.0190019607543949,"orthographic":false}