{"cameraMode":{"drawMode":0,"name":"Shaded","section":"Shading Mode"},"sceneLighting":false,"audioPlay":false,"sceneViewState":{"m_AlwaysRefresh":false,"showFog":true,"showSkybox":false,"showFlares":true,"showImageEffects":true,"showParticleSystems":true,"showVisualEffectGraphs":true,"m_FxEnabled":true},"in2DMode":false,"pivot":{"x":5.093997001647949,"y":3.2706446647644045,"z":-2.216663360595703},"rotation":{"x":0.11881493777036667,"y":0.24806299805641175,"z":-0.030544595792889596,"w":0.960838794708252},"size":3.2315218448638918,"orthographic":false}