{"cameraMode":{"drawMode":0,"name":"Shaded","section":"Shading Mode"},"sceneLighting":false,"audioPlay":false,"sceneViewState":{"m_AlwaysRefresh":false,"showFog":true,"showSkybox":false,"showFlares":true,"showImageEffects":true,"showParticleSystems":true,"showVisualEffectGraphs":true,"m_FxEnabled":true},"in2DMode":false,"pivot":{"x":14.518630027770996,"y":1.9763206243515015,"z":-0.006197571754455566},"rotation":{"x":0.007498355116695166,"y":0.029134541749954225,"z":-0.0001829039683798328,"w":0.9994688630104065},"size":0.6274139881134033,"orthographic":false}