{"cameraMode":{"drawMode":0,"name":"Shaded","section":"Shading Mode"},"sceneLighting":false,"audioPlay":false,"sceneViewState":{"m_AlwaysRefresh":false,"showFog":true,"showSkybox":false,"showFlares":true,"showImageEffects":true,"showParticleSystems":true,"showVisualEffectGraphs":true,"m_FxEnabled":true},"in2DMode":false,"pivot":{"x":15.895708084106446,"y":-0.6454505920410156,"z":18.26660919189453},"rotation":{"x":0.05991639941930771,"y":0.03956269100308418,"z":-0.0023068301379680635,"w":0.9973472356796265},"size":10.944121360778809,"orthographic":false}