{"cameraMode":{"drawMode":0,"name":"Shaded","section":"Shading Mode"},"sceneLighting":false,"audioPlay":false,"sceneViewState":{"m_AlwaysRefresh":false,"showFog":true,"showSkybox":false,"showFlares":true,"showImageEffects":true,"showParticleSystems":true,"showVisualEffectGraphs":true,"m_FxEnabled":true},"in2DMode":false,"pivot":{"x":0.49223828315734866,"y":-0.5146664381027222,"z":-7.093200206756592},"rotation":{"x":-0.0030936296097934248,"y":-0.9968326687812805,"z":0.05988477170467377,"w":-0.051771633327007297},"size":4.030046463012695,"orthographic":false}