{"cameraMode":{"drawMode":0,"name":"Shaded","section":"Shading Mode"},"sceneLighting":false,"audioPlay":false,"sceneViewState":{"m_AlwaysRefresh":false,"showFog":true,"showSkybox":false,"showFlares":true,"showImageEffects":true,"showParticleSystems":true,"showVisualEffectGraphs":true,"m_FxEnabled":true},"in2DMode":false,"pivot":{"x":24.957326889038087,"y":3.7227883338928224,"z":-0.8379598259925842},"rotation":{"x":-0.12864099442958833,"y":0.0020768526010215284,"z":-0.00025204115081578493,"w":-0.9916637539863586},"size":7.884371757507324,"orthographic":false}