{"cameraMode":{"drawMode":0,"name":"Shaded","section":"Shading Mode"},"sceneLighting":true,"audioPlay":false,"sceneViewState":{"m_AlwaysRefresh":false,"showFog":true,"showSkybox":true,"showFlares":true,"showImageEffects":true,"showParticleSystems":true,"showVisualEffectGraphs":true,"m_FxEnabled":true},"in2DMode":false,"pivot":{"x":703.7874145507813,"y":168.98953247070313,"z":44.20243835449219},"rotation":{"x":0.12416981160640717,"y":0.010416987352073193,"z":-0.0012988426024094225,"w":0.9921911358833313},"size":273.8133544921875,"orthographic":false}