{"cameraMode":{"drawMode":0,"name":"Shaded","section":"Shading Mode"},"sceneLighting":true,"audioPlay":false,"sceneViewState":{"m_AlwaysRefresh":false,"showFog":true,"showSkybox":true,"showFlares":true,"showImageEffects":true,"showParticleSystems":true,"showVisualEffectGraphs":true,"m_FxEnabled":true},"in2DMode":false,"pivot":{"x":634.294189453125,"y":-46.454010009765628,"z":2984.435302734375},"rotation":{"x":0.013502455316483975,"y":-0.004190702922642231,"z":0.000019806511772912927,"w":0.9998444318771362},"size":35.77389907836914,"orthographic":false}