{"cameraMode":{"drawMode":0,"name":"Shaded","section":"Shading Mode"},"sceneLighting":true,"audioPlay":false,"sceneViewState":{"m_AlwaysRefresh":false,"showFog":true,"showSkybox":true,"showFlares":true,"showImageEffects":true,"showParticleSystems":true,"showVisualEffectGraphs":true,"m_FxEnabled":true},"in2DMode":false,"pivot":{"x":1063.346435546875,"y":-129.59799194335938,"z":902.490234375},"rotation":{"x":-0.12864099442958833,"y":0.0020768526010215284,"z":-0.00025204115081578493,"w":-0.9916637539863586},"size":981.0183715820313,"orthographic":false}