{"cameraMode":{"drawMode":0,"name":"Shaded","section":"Shading Mode"},"sceneLighting":true,"audioPlay":false,"sceneViewState":{"m_AlwaysRefresh":false,"showFog":true,"showSkybox":true,"showFlares":true,"showImageEffects":true,"showParticleSystems":true,"showVisualEffectGraphs":true,"m_FxEnabled":true},"in2DMode":false,"pivot":{"x":60.489349365234378,"y":-0.6470551490783691,"z":34.74974060058594},"rotation":{"x":0.05397103726863861,"y":0.0006484049372375011,"z":-0.000027103091269964352,"w":0.9984825849533081},"size":23.640399932861329,"orthographic":false}