{"cameraMode":{"drawMode":0,"name":"Shaded","section":"Shading Mode"},"sceneLighting":true,"audioPlay":false,"sceneViewState":{"m_AlwaysRefresh":false,"showFog":true,"showSkybox":true,"showFlares":true,"showImageEffects":true,"showParticleSystems":true,"showVisualEffectGraphs":true,"m_FxEnabled":true},"in2DMode":false,"pivot":{"x":5.084009647369385,"y":-7.907504558563232,"z":45.85127258300781},"rotation":{"x":0.08987263590097428,"y":0.005127992480993271,"z":-0.00039265910163521767,"w":0.9958727955818176},"size":8.793478012084961,"orthographic":false}