{"cameraMode":{"drawMode":0,"name":"Shaded","section":"Shading Mode"},"sceneLighting":true,"audioPlay":false,"sceneViewState":{"m_AlwaysRefresh":false,"showFog":true,"showSkybox":true,"showFlares":true,"showImageEffects":true,"showParticleSystems":true,"showVisualEffectGraphs":true,"m_FxEnabled":true},"in2DMode":false,"pivot":{"x":-4.809999942779541,"y":0.8289999961853027,"z":-1.4600000381469727},"rotation":{"x":-0.1901988983154297,"y":-0.07882608473300934,"z":0.015374187380075455,"w":-0.9784144163131714},"size":1.1187769174575806,"orthographic":false}