{"cameraMode":{"drawMode":0,"name":"Shaded","section":"Shading Mode"},"sceneLighting":true,"audioPlay":false,"sceneViewState":{"m_AlwaysRefresh":false,"showFog":true,"showSkybox":true,"showFlares":true,"showImageEffects":true,"showParticleSystems":true,"showVisualEffectGraphs":true,"m_FxEnabled":true},"in2DMode":false,"pivot":{"x":699.6716918945313,"y":81.43299865722656,"z":2974.63720703125},"rotation":{"x":-0.03893198445439339,"y":-0.054827626794576648,"z":0.002167403930798173,"w":-0.9976828098297119},"size":1735.6712646484375,"orthographic":false}