{"cameraMode":{"drawMode":0,"name":"Shaded","section":"Shading Mode"},"sceneLighting":true,"audioPlay":false,"sceneViewState":{"m_AlwaysRefresh":false,"showFog":true,"showSkybox":true,"showFlares":true,"showImageEffects":true,"showParticleSystems":true,"showVisualEffectGraphs":true,"m_FxEnabled":true},"in2DMode":false,"pivot":{"x":326.5309753417969,"y":-63.76408386230469,"z":928.685791015625},"rotation":{"x":-0.10778860747814179,"y":-0.0038831650745123626,"z":0.00043780033593066037,"w":-0.9941419959068298},"size":901.9972534179688,"orthographic":false}