{"cameraMode":{"drawMode":0,"name":"Shaded","section":"Shading Mode"},"sceneLighting":true,"audioPlay":false,"sceneViewState":{"m_AlwaysRefresh":false,"showFog":true,"showSkybox":true,"showFlares":true,"showImageEffects":true,"showParticleSystems":true,"showVisualEffectGraphs":true,"m_FxEnabled":true},"in2DMode":false,"pivot":{"x":-0.24587631225585938,"y":23.19212532043457,"z":-101.63301849365235},"rotation":{"x":0.09425881505012512,"y":0.04542706534266472,"z":-0.004235272761434317,"w":0.9944335222244263},"size":4.040247440338135,"orthographic":false}