{"cameraMode":{"drawMode":0,"name":"Shaded","section":"Shading Mode"},"sceneLighting":true,"audioPlay":false,"sceneViewState":{"m_AlwaysRefresh":false,"showFog":true,"showSkybox":true,"showFlares":true,"showImageEffects":true,"showParticleSystems":true,"showVisualEffectGraphs":true,"m_FxEnabled":true},"in2DMode":false,"pivot":{"x":-4.901053428649902,"y":0.5032588243484497,"z":-1.4215562343597413},"rotation":{"x":0.016489338129758836,"y":0.03448764607310295,"z":-0.0005694174906238914,"w":0.9992648363113403},"size":1.0153658390045167,"orthographic":false}