{"cameraMode":{"drawMode":0,"name":"Shaded","section":"Shading Mode"},"sceneLighting":true,"audioPlay":false,"sceneViewState":{"m_AlwaysRefresh":false,"showFog":true,"showSkybox":true,"showFlares":true,"showImageEffects":true,"showParticleSystems":true,"showVisualEffectGraphs":true,"m_FxEnabled":true},"in2DMode":false,"pivot":{"x":548.1619262695313,"y":274.9660339355469,"z":442.5628662109375},"rotation":{"x":0.015001913532614708,"y":0.0018079086439684034,"z":-0.00007790404924890026,"w":0.9998263120651245},"size":497.73773193359377,"orthographic":false}