{"cameraMode":{"drawMode":0,"name":"Shaded","section":"Shading Mode"},"sceneLighting":true,"audioPlay":false,"sceneViewState":{"m_AlwaysRefresh":false,"showFog":true,"showSkybox":true,"showFlares":true,"showImageEffects":true,"showParticleSystems":true,"showVisualEffectGraphs":true,"m_FxEnabled":true},"in2DMode":false,"pivot":{"x":8.640422821044922,"y":-57.62458419799805,"z":210.08103942871095},"rotation":{"x":0.13752740621566773,"y":0.022282196208834649,"z":-0.0030973826069384815,"w":0.9902346134185791},"size":103.07763671875,"orthographic":false}