{"cameraMode":{"drawMode":0,"name":"Shaded","section":"Shading Mode"},"sceneLighting":true,"audioPlay":false,"sceneViewState":{"m_AlwaysRefresh":false,"showFog":true,"showSkybox":true,"showFlares":true,"showImageEffects":true,"showParticleSystems":true,"showVisualEffectGraphs":true,"m_FxEnabled":true},"in2DMode":false,"pivot":{"x":520.571044921875,"y":56.613792419433597,"z":1397.52294921875},"rotation":{"x":0.05696488171815872,"y":-0.010484938509762288,"z":0.0006007493939250708,"w":0.9983064532279968},"size":904.1527709960938,"orthographic":false}