{"cameraMode":{"drawMode":0,"name":"Shaded","section":"Shading Mode"},"sceneLighting":true,"audioPlay":false,"sceneViewState":{"m_AlwaysRefresh":false,"showFog":true,"showSkybox":true,"showFlares":true,"showImageEffects":true,"showParticleSystems":true,"showVisualEffectGraphs":true,"m_FxEnabled":true},"in2DMode":false,"pivot":{"x":929.7297973632813,"y":156.2985382080078,"z":975.7844848632813},"rotation":{"x":0.0509464256465435,"y":-0.034450117498636249,"z":0.0017610101494938136,"w":0.9980911612510681},"size":957.3546142578125,"orthographic":false}