{"cameraMode":{"drawMode":0,"name":"Shaded","section":"Shading Mode"},"sceneLighting":true,"audioPlay":false,"sceneViewState":{"m_AlwaysRefresh":false,"showFog":true,"showSkybox":true,"showFlares":true,"showImageEffects":true,"showParticleSystems":true,"showVisualEffectGraphs":true,"m_FxEnabled":true},"in2DMode":false,"pivot":{"x":0.7775619626045227,"y":-195.59617614746095,"z":902.294677734375},"rotation":{"x":-0.10778860747814179,"y":-0.0038831650745123626,"z":0.00043780033593066037,"w":-0.9941419959068298},"size":430.2785339355469,"orthographic":false}